15;;;;;;;;;;;;;;;;;;;;;;;;;;;;;;;;;;;;;;;;;;;;;
1510;720;;721;;722;;;;;;;;;;;;;;;;;;;;;;;;;;;;;;;;;;;;;;;;
1515;725;;757;;771;;781;;793;;796;;799;;;;;;;;;;;;;;;;;;;;;;;;;;;;;;;;
1520;819;;820;;821;;;;;;;;;;;;;;;;;;;;;;;;;;;;;;;;;;;;;;;;
20;;;;;;;;;;;;;;;;;;;;;;;;;;;;;;;;;;;;;;;;;;;;;
2010;825;;826;;1392;;827;;828;;829;;830;;831;;832;;;;;;;;;;;;;;;;;;;;;;;;;;;;
2015;1373;;835;;836;;837;;838;;839;;;;;;;;;;;;;;;;;;;;;;;;;;;;;;;;;;
2020;1374;;1357;;1375;;844;;845;;1376;;1377;;1378;;843;;846;;;;;;;;;;;;;;;;;;;;;;;;;;
2025;849;;850;;851;;1323;;852;;853;;854;;855;;856;;857;;;;;;;;;;;;;;;;;;;;;;;;;;
2030;860;;861;;862;;;;;;;;;;;;;;;;;;;;;;;;;;;;;;;;;;;;;;;;
2035;865;;866;;;;;;;;;;;;;;;;;;;;;;;;;;;;;;;;;;;;;;;;;;
2040;869;;870;;871;;872;;873;;;;;;;;;;;;;;;;;;;;;;;;;;;;;;;;;;;;
2045;876;;877;;878;;879;;880;;881;;882;;;;;;;;;;;;;;;;;;;;;;;;;;;;;;;;
2050;885;;886;;887;;888;;889;;890;;891;;892;;893;;894;;895;;;;;;;;;;;;;;;;;;;;;;;;
2055;898;;899;;900;;901;;;;;;;;;;;;;;;;;;;;;;;;;;;;;;;;;;;;;;
25;;;;;;;;;;;;;;;;;;;;;;;;;;;;;;;;;;;;;;;;;;;;;
2510;905;;906;;907;;908;;909;;910;;911;;912;;913;;;;;;;;;;;;;;;;;;;;;;;;;;;;
2515;916;;917;;918;;919;;920;;921;;1394;;923;;1398;;1408;;930;;1406;;1412;;928;;1402;;;;;;;;;;;;;;;;
30;;;;;;;;;;;;;;;;;;;;;;;;;;;;;;;;;;;;;;;;;;;;;
3010;934;;935;;936;;937;;938;;939;;940;;941;;942;;943;;944;;945;;946;;947;;;;;;;;;;;;;;;;;;
3015;950;;951;;952;;953;;954;;956;;957;;958;;;;;;;;;;;;;;;;;;;;;;;;;;;;;;
10;;;;;;;;;;;;;;;;;;;;;;;;;;;;;;;;;;;;;;;;;;;;;
1010;962;;963;;964;;965;;;;;;;;;;;;;;;;;;;;;;;;;;;;;;;;;;;;;;
1015;968;;969;;970;;;;;;;;;;;;;;;;;;;;;;;;;;;;;;;;;;;;;;;;
1020;978;;;;;;;;;;;;;;;;;;;;;;;;;;;;;;;;;;;;;;;;;;;;
1025;1432;;;;;;;;;;;;;;;;;;;;;;;;;;;;;;;;;;;;;;;;;;;;
1030;1435;;1436;;;;;;;;;;;;;;;;;;;;;;;;;;;;;;;;;;;;;;;;;;
1035;971;;;;;;;;;;;;;;;;;;;;;;;;;;;;;;;;;;;;;;;;;;;;
1040;1425;;1426;;1427;;1428;;1429;;1430;;1431;;;;;;;;;;;;;;;;;;;;;;;;;;;;;;;;
35;;;;;;;;;;;;;;;;;;;;;;;;;;;;;;;;;;;;;;;;;;;;;
3510;983;;984;;985;;986;;987;;988;;;;;;;;;;;;;;;;;;;;;;;;;;;;;;;;;;
3515;991;;992;;993;;;;;;;;;;;;;;;;;;;;;;;;;;;;;;;;;;;;;;;;
3520;996;;997;;;;;;;;;;;;;;;;;;;;;;;;;;;;;;;;;;;;;;;;;;
3525;1000;;1001;;1002;;;;;;;;;;;;;;;;;;;;;;;;;;;;;;;;;;;;;;;;
3530;1005;;1006;;1007;;1008;;1346;;1009;;;;;;;;;;;;;;;;;;;;;;;;;;;;;;;;;;
3535;1015;;1014;;1012;;1013;;1389;;1390;;;;;;;;;;;;;;;;;;;;;;;;;;;;;;;;;;
40;;;;;;;;;;;;;;;;;;;;;;;;;;;;;;;;;;;;;;;;;;;;;
4010;1019;;1020;;;;;;;;;;;;;;;;;;;;;;;;;;;;;;;;;;;;;;;;;;
4015;1021;;;;;;;;;;;;;;;;;;;;;;;;;;;;;;;;;;;;;;;;;;;;
4020;1024;;1025;;1384;;1026;;1027;;1028;;1029;;;;;;;;;;;;;;;;;;;;;;;;;;;;;;;;
4025;1032;;1033;;1034;;1035;;1036;;1037;;1038;;1039;;1040;;1041;;1042;;1043;;;;;;;;;;;;;;;;;;;;;;
4030;1341;;1332;;1054;;1363;;1372;;1049;;1450;;1050;;1364;;1051;;1052;;1053;;1365;;1366;;1367;;;;;;;;;;;;;;;;
45;;;;;;;;;;;;;;;;;;;;;;;;;;;;;;;;;;;;;;;;;;;;;
4510;1058;;1059;;1060;;1061;;1415;;;;;;;;;;;;;;;;;;;;;;;;;;;;;;;;;;;;
4515;1065;;1066;;1067;;1068;;1071;;1070;;1451;;1380;;1453;;1454;;1455;;1069;;;;;;;;;;;;;;;;;;;;;;
4520;1062;;;;;;;;;;;;;;;;;;;;;;;;;;;;;;;;;;;;;;;;;;;;
50;;;;;;;;;;;;;;;;;;;;;;;;;;;;;;;;;;;;;;;;;;;;;
5010;1075;;1076;;1077;;1078;;1079;;;;;;;;;;;;;;;;;;;;;;;;;;;;;;;;;;;;
5015;1082;;1083;;1084;;1085;;1088;;1086;;1087;;1368;;1369;;1370;;1371;;1090;;;;;;;;;;;;;;;;;;;;;;
55;;;;;;;;;;;;;;;;;;;;;;;;;;;;;;;;;;;;;;;;;;;;;
5510;1093;;1095;;1098;;1099;;;;;;;;;;;;;;;;;;;;;;;;;;;;;;;;;;;;;;
5515;1324;;1105;;1112;;;;;;;;;;;;;;;;;;;;;;;;;;;;;;;;;;;;;;;;
60;;;;;;;;;;;;;;;;;;;;;;;;;;;;;;;;;;;;;;;;;;;;;
6010;1456;;1116;;1118;;1117;;1119;;1120;;1121;;1122;;1123;;1124;;;;;;;;;;;;;;;;;;;;;;;;;;
6015;1127;;1128;;1129;;1130;;;;;;;;;;;;;;;;;;;;;;;;;;;;;;;;;;;;;;
6020;1133;;1134;;1135;;1136;;1137;;1138;;1139;;1140;;;;;;;;;;;;;;;;;;;;;;;;;;;;;;
6025;1143;;1144;;1459;;1145;;1146;;1420;;1147;;1148;;;;;;;;;;;;;;;;;;;;;;;;;;;;;;
6030;1151;;1152;;1153;;1154;;1155;;1156;;1157;;1158;;1159;;1160;;;;;;;;;;;;;;;;;;;;;;;;;;
6035;1163;;1164;;1165;;1166;;1167;;1461;;1168;;;;;;;;;;;;;;;;;;;;;;;;;;;;;;;;
6040;1171;;1172;;1173;;;;;;;;;;;;;;;;;;;;;;;;;;;;;;;;;;;;;;;;
6045;1176;;1177;;1178;;1179;;1180;;1181;;;;;;;;;;;;;;;;;;;;;;;;;;;;;;;;;;
6050;1184;;1185;;1460;;1186;;1187;;;;;;;;;;;;;;;;;;;;;;;;;;;;;;;;;;;;
6055;1190;;1191;;1192;;;;;;;;;;;;;;;;;;;;;;;;;;;;;;;;;;;;;;;;
65;;;;;;;;;;;;;;;;;;;;;;;;;;;;;;;;;;;;;;;;;;;;;
6510;1457;;1440;;1441;;1442;;1443;;1444;;1445;;1446;;1447;;;;;;;;;;;;;;;;;;;;;;;;;;;;
6515;1197;;1198;;1199;;1200;;1201;;1202;;;;;;;;;;;;;;;;;;;;;;;;;;;;;;;;;;
6520;1205;;1206;;1207;;1208;;1448;;1209;;1212;;1210;;1211;;1449;;1213;;1214;;;;;;;;;;;;;;;;;;;;;;
6525;1222;;1223;;1224;;1225;;1226;;1227;;;;;;;;;;;;;;;;;;;;;;;;;;;;;;;;;;
6530;1230;;1231;;1232;;1233;;1234;;1235;;1236;;1237;;1238;;1319;;1239;;1240;;;;;;;;;;;;;;;;;;;;;;
6535;1243;;1244;;1245;;1246;;1247;;1248;;;;;;;;;;;;;;;;;;;;;;;;;;;;;;;;;;
6540;1251;;1252;;1253;;;;;;;;;;;;;;;;;;;;;;;;;;;;;;;;;;;;;;;;
6545;1256;;1257;;1258;;1259;;1260;;1261;;1262;;;;;;;;;;;;;;;;;;;;;;;;;;;;;;;;
70;;;;;;;;;;;;;;;;;;;;;;;;;;;;;;;;;;;;;;;;;;;;;
7010;1264;;;;;;;;;;;;;;;;;;;;;;;;;;;;;;;;;;;;;;;;;;;;
7015;1265;;;;;;;;;;;;;;;;;;;;;;;;;;;;;;;;;;;;;;;;;;;;
7020;1267;;;;;;;;;;;;;;;;;;;;;;;;;;;;;;;;;;;;;;;;;;;;
7025;1268;;;;;;;;;;;;;;;;;;;;;;;;;;;;;;;;;;;;;;;;;;;;
7030;1270;;1271;;;;;;;;;;;;;;;;;;;;;;;;;;;;;;;;;;;;;;;;;;
7035;1272;;;;;;;;;;;;;;;;;;;;;;;;;;;;;;;;;;;;;;;;;;;;
7040;1273;;;;;;;;;;;;;;;;;;;;;;;;;;;;;;;;;;;;;;;;;;;;
7045;1275;;1276;;1277;;;;;;;;;;;;;;;;;;;;;;;;;;;;;;;;;;;;;;;;